UID	ProportionCoverage30x
02-13135T	0.957696
04-28140T	0.963693
04-35039T	0.961845
05-17793T	0.957936
05-18426T	0.955716
05-21634T	0.965303
05-22052T	0.96032
05-32150T	0.95844
07-31833T	0.954817
08-15460T	0.962574
08-19764T	0.952865
09-11467T	0.953778
09-12864T	0.958129
09-16981T	0.963689
09-21480T	0.932005
10-27154T	0.95745
11-21727T	0.958171
12-29259T	0.952383
89-62169T	0.950775
97-14402T	0.957298
99-13280T	0.959988
04-24937T	0.970156
09-31233T	0.956627
09-37629T	0.954917
10-10826T	0.968739
10-31625T	0.973309
10-40676T	0.975194
11-35935T	0.974229
13-22818T	0.963799
13-26601T	0.935966
13-30451T	0.960933
13-31210T	0.937045
14-11247T	0.956611
14-13959T	0.958571
14-16281T	0.955629
14-16707T	0.95931
14-20962T	0.966578
14-23891T	0.961801
14-25466T	0.952115
14-27873T	0.959411
14-32442T	0.957876
14-33262T	0.963609
14-33436T	0.976272
14-35026T	0.95901
14-35632T	0.968428
14-36022T	0.960944
14-37722T	0.95463
14-41461T	0.956961
15-10535T	0.963256
15-11617T	0.959717
15-13365T	0.963037
15-13383T	0.964965
15-15757T	0.964277
15-21654T	0.966771
15-24058T	0.964405
15-24306T	0.962501
15-26538T	0.962247
15-29858T	0.973019
15-31924T	0.969347
15-34472T	0.961219
15-38154T	0.967301
15-43657T	0.966659
15-43891T	0.960539
16-11636T	0.97074
16-13732T	0.972806
16-16192T	0.973669
16-16723T	0.97357
16-17861T	0.973166
16-18029T	0.951603
16-18623T	0.961525
16-23208T	0.972854
16-27413T	0.972171
16-29329T	0.966213
16-31791T	0.968386
17-12136T	0.973823
17-23504T	0.973524
17-36275T	0.972124
96-31596T	0.960653
01-20774T	0.430392
03-11110T	0.520018
05-24401T	0.447405
05-24666T	0.563319
05-32762T	0.478902
06-15922T	0.500242
06-24925T	0.338145
08-13706T	0.394054
08-33625T	0.293655
09-27193T	0.502761
09-31895T	0.306386
09-41114T	0.478256
10-15025T	0.570874
10-28165T	0.105744
10-32847T	0.526358
10-41170T	0.466496
11-14210T	0.482244
94-26795T	0.487294
02-20170T	0.097628
02-22991T	0.126767
03-10363T	0.446755
04-29264T	0.390834
05-12939T	0.543631
05-23110T	0.592327
05-24006T	0.589403
05-24395T	0.459992
05-24561T	0.031313
05-24904T	0.249328
05-25439T	0.494111
05-25674T	0.358608
05-32947T	0.260664
06-10398T	0.403626
06-11535T	0.871851
06-14634T	0.393699
06-15256T	0.36704
06-16716T	0.323903
06-19919T	0.430105
06-22057T	0.195128
06-23907T	0.451931
06-24915T	0.139302
06-25674T	0.610669
06-30025T	0.462563
06-30145T	0.363296
06-33777T	0.867396
06-34043T	0.50691
07-17613T	0.321201
07-25012T	0.452358
07-30628T	0.441696
07-35482T	0.401491
08-25894T	0.002143
09-12737T	0.453947
09-33003T	0.166309
09-41082T	0.32208
81-52884T	0.02014
95-32814T	0.611878
98-22532T	0.356293
99-27137T	0.543405
FL1011T1	0.86304
FL3001T1	0.957638
FL1015T1	0.772222
FL1015T2	0.916627
FL1002T1	0.858226
FL1002T2	0.890388
FL1006T1	0.962661
FL1006T2	0.922966
FL3009T1	0.955171
FL3014T1	0.911663
FL3011T1	0.949958
FL1008T1	0.946214
FL1008T2	0.916588
FL3012T1	0.95622
FL3004T1	0.951955
FL1009T1	0.802512
FL1001T1	0.85107
FL1001T2	0.883443
FL3003T1	0.94938
FL3008T1	0.926432
FL1014T1	0.901835
FL3007T1	0.944394
FL3005T1	0.945135
FL1003T1	0.94368
FL1003T2	0.897843
FL3018T1	0.954471
FL2006T1	0.946944
FL2006T2	0.925241
FL1018T1	0.966498
FL1018T2	0.969332
FL2003T1	0.726437
FL2003T2	0.347318
FL1012T1	0.832577
FL1012T2	0.829461
FL3015T1	0.935259
FL3016T1	0.943799
FL2004T1	0.950173
FL2004T2	0.945452
FL2002T1	0.904662
FL2002T2	0.878865
FL3019T1	0.947896
FL3020T1	0.948625
FL3017T1	0.937797
FL3013T1	0.949202
FL1013T1	0.891915
FL1013T2	0.957053
FL2007T1	0.958312
FL2007T2	0.953447
FL2005T1	0.718776
FL2005T2	0.779046
FL1005T1	0.929981
FL1005T2	0.93287
FL1019T1	0.97135
FL1019T2	0.969888
FL1020T1	0.962444
FL1020T2	0.961201
FL1016T1	0.933957
FL1016T2	0.954363
FL2008T1	0.969941
FL2008T2	0.966709
FL1017T1	0.961183
FL1017T2	0.951447
FL2001T1	0.761895
FL2001T2	0.857428
FL3002T1	0.93409
FL1007T1	0.906021
FL1007T2	0.89789
FL3006T1	0.92756
FL1004T1	0.931049
FL1004T2	0.900795
FL1010T1	0.616154
FL1010T2	0.943389
FL3010T1	0.958798
BLGSP-71-06-00001-01A-11D	0.947651
BLGSP-71-06-00002-01C-01D	0.950957
BLGSP-71-06-00004-01A-11D	0.918308
BLGSP-71-06-00007-01A-11D	0.948144
BLGSP-71-06-00008-01A-11D	0.946609
BLGSP-71-06-00012-01A-11D	0.945028
BLGSP-71-06-00013-01B-11D	0.945346
BLGSP-71-06-00016-01A-01D	0.950421
BLGSP-71-06-00019-01A-11D	0.945407
BLGSP-71-06-00020-01A-11D	0.950411
BLGSP-71-06-00071-01B-11D	0.947169
BLGSP-71-06-00072-01A-11D	0.946327
BLGSP-71-06-00074-01A-11D	0.946525
BLGSP-71-06-00075-01B-11D	0.928486
BLGSP-71-06-00076-01A-11D	0.950552
BLGSP-71-06-00078-01A-11D	0.944537
BLGSP-71-06-00084-01A-01D	0.952577
BLGSP-71-06-00085-01A-01D	0.951822
BLGSP-71-06-00086-01A-01D	0.951246
BLGSP-71-06-00087-01A-01D	0.951541
BLGSP-71-06-00088-01A-01D	0.95235
BLGSP-71-06-00089-01A-01D	0.950705
BLGSP-71-06-00093-01A-01D	0.948788
BLGSP-71-06-00094-01A-01D	0.950045
BLGSP-71-06-00095-01A-01D	0.949323
BLGSP-71-06-00098-01A-01D	0.953978
BLGSP-71-06-00137-01A-01D	0.950403
BLGSP-71-06-00142-01A-01D	0.954074
BLGSP-71-06-00143-01A-01D	0.947148
BLGSP-71-06-00144-01A-01D	0.9533
BLGSP-71-06-00146-01C-01E	0.867844
BLGSP-71-06-00148-01A-01D	0.952926
BLGSP-71-06-00149-01A-01D	0.953247
BLGSP-71-06-00154-01A-01D	0.954003
BLGSP-71-06-00155-01A-01D	0.957684
BLGSP-71-06-00158-01A-01D	0.953036
BLGSP-71-06-00159-01A-01D	0.94043
BLGSP-71-06-00160-01A-03D	0.95138
BLGSP-71-06-00162-01A-01D	0.953818
BLGSP-71-06-00164-01C-01D	0.943656
BLGSP-71-06-00165-01A-01D	0.942689
BLGSP-71-06-00169-01B-01D	0.948602
BLGSP-71-06-00171-01A-01D	0.936613
BLGSP-71-06-00172-01A-01D	0.950917
BLGSP-71-06-00174-01A-01D	0.941563
BLGSP-71-06-00178-01A-01D	0.953466
BLGSP-71-06-00180-01A-01D	0.942129
BLGSP-71-06-00190-01B-01D	0.956774
BLGSP-71-06-00251-01C-01D	0.950536
BLGSP-71-06-00252-01A-01D	0.94098
BLGSP-71-06-00253-01A-01D	0.94394
BLGSP-71-06-00255-01C-01D	0.946653
BLGSP-71-06-00277-01A-01D	0.955606
BLGSP-71-06-00280-01A-01D	0.951309
BLGSP-71-06-00281-01A-01D	0.949324
BLGSP-71-06-00283-01A-01D	0.953011
BLGSP-71-06-00285-01A-01D	0.957331
BLGSP-71-06-00286-01A-01D	0.954333
BLGSP-71-08-00022-01A-01D	0.954522
BLGSP-71-08-00023-01A-01D	0.955118
BLGSP-71-08-00033-01A-01D	0.94178
BLGSP-71-08-00036-01A-01D	0.950529
BLGSP-71-08-00038-01A-01D	0.950995
BLGSP-71-08-00041-01A-01D	0.945264
BLGSP-71-08-00050-01A-11D	0.956867
BLGSP-71-08-00191-01A-11D	0.93186
BLGSP-71-08-00194-01A-11D	0.956986
BLGSP-71-08-00197-01A-11D	0.956244
BLGSP-71-08-00199-01A-11D	0.932943
BLGSP-71-08-00200-01A-11D	0.957229
BLGSP-71-08-00204-01A-11D	0.940234
BLGSP-71-08-00205-01A-11D	0.947707
BLGSP-71-08-00206-01A-11D	0.957693
BLGSP-71-08-00210-01A-11D	0.9469
BLGSP-71-19-00104-01A-01D	0.951621
BLGSP-71-19-00105-01A-01D	0.952829
BLGSP-71-19-00110-01A.1-01D	0.946534
BLGSP-71-19-00113-01A-01D	0.954088
BLGSP-71-19-00115-01A-01D	0.950805
BLGSP-71-19-00116-01A-01D	0.951241
BLGSP-71-19-00122-09A.1-01D	0.951901
BLGSP-71-19-00123-09A.1-01D	0.958577
BLGSP-71-19-00125-09A-01D	0.950794
BLGSP-71-19-00126-09A-01D	0.952499
BLGSP-71-19-00128-09A.1-01D	0.954531
BLGSP-71-19-00129-01A-01D	0.896254
BLGSP-71-19-00133-09A.1-01D	0.958258
BLGSP-71-22-00332-01A-01D	0.956516
BLGSP-71-22-00337-01A-01D	0.951582
BLGSP-71-22-00339-01A-01E	0.867366
BLGSP-71-22-00347-01A-12E	0.904955
SP59270	0.470258
SP59272	0.513374
SP59276	0.341008
SP59284	0.769088
SP59296	0.804458
SP59328	0.901519
SP59332	0.797798
SP59336	0.466526
SP59344	0.599113
SP59384	0.660212
SP59388	0.50634
SP59392	0.540347
SP59396	0.776064
SP59404	0.704972
SP116652	0.646835
SP116712	0.681903
SP116725	0.613013
SP124957	0.496025
SP124959	0.610901
SP124969	0.796193
SP124971	0.542896
SP124973	0.537312
SP124975	0.446425
SP124977	0.637047
SP124981	0.611757
SP192765	0.784665
SP192767	0.552688
SP193976	0.817871
SP192997	0.563248
SP193072	0.759841
SP192993	0.886935
SP192970	0.868729
SP193005	0.668187
SP193684	0.592285
SP193025	0.593635
SP192940	0.836237
SP192870	0.793022
SP193794	0.801144
SP192856	0.777166
SP192850	0.821839
SP192833	0.874348
SP192815	0.554849
SP193512	0.505022
SP193656	0.908084
SP193528	0.288704
SP193337	0.55323
SP192798	0.699143
SP193546	0.831683
SP192800	0.568528
SP193375	0.602014
SP193420	0.689549
SP194216	0.517017
SP194228	0.858082
SP194234	0.667878
SP193725	0.694609
SP193300	0.558441
SP193914	0.458197
SP193957	0.570636
SP193967	0.778111
SP194143	0.835302
SP194195	0.903254
SP194035	0.793724
SP194053	0.666092
SP194080	0.54665300000000006
SP193934	0.698463
SP59280	0.449043
SP59300	0.45004
SP59304	0.711197
SP59312	0.438455
SP59324	0.505494
SP59360	0.508661
SP59364	0.49623
SP59368	0.720608
SP59372	0.791576
SP59376	0.738708
SP59400	0.736787
SP59412	0.750652
SP59448	0.718518
SP59452	0.786661
SP59456	0.663882
SP59460	0.69023
SP116610	0.678187
SP116618	0.622807
SP116620	0.713507
SP116624	0.808512
SP116627	0.583647
SP116630	0.662332
SP116635	0.645928
SP116642	0.823331
SP116726	0.685671
SP116648	0.474352
SP116657	0.605275
SP116659	0.588887
SP116663	0.72153
SP116668	0.70953
SP116670	0.579352
SP116676	0.646361
SP116688	0.714616
SP116690	0.591839
SP116697	0.60407
SP116701	0.769047
SP116709	0.618141
SP124963	0.701922
SP124967	0.574142
SP124979	0.598003
SP124983	0.829362
SP124984	0.79885
SP193954	0.843754
SP193965	0.68337
SP193992	0.787229
SP193093	0.862845
SP193040	0.704258
SP193816	0.569404
SP193828	0.765121
SP192988	0.96916
SP193910	0.722482
SP193925	0.607223
SP193017	0.658113
SP193720	0.685346
SP193744	0.838815
SP193057	0.702121
SP192882	0.801248
SP193808	0.785005
SP193543	0.837666
SP193570	0.688862
SP192863	0.490973
SP192839	0.575012
SP193650	0.818658
SP192811	0.9281
SP193347	0.65851
SP193354	0.482712
SP192804	0.704956
SP193364	0.659186
SP193450	0.756215
SP193467	0.650104
SP193655	0.687909
SP194205	0.508836
SP194212	0.45329
SP194238	0.713973
SP193701	0.492367
SP193258	0.744094
SP193312	0.789355
SP193326	0.645146
SP193764	0.743978
SP194108	0.818917
SP193777	0.772563
SP193801	0.727985
SP193855	0.821765
SP193950	0.91945
SP193993	0.534177
SP194134	0.614633
SP194173	0.759567
SP194043	0.774448
SP194065	0.772002
SP194077	0.683226
SP194083	0.82019
SP193120	0.722515
SP193130	0.81195
SP193170	0.776235
SP193186	0.76137
SP193205	0.661532
SP193229	0.869166
SP59292	0.779247
SP59308	0.719897
SP59316	0.754015
SP59320	0.663554
SP59340	0.776845
SP59348	0.5032
SP59352	0.422621
SP59356	0.495979
SP59380	0.696819
SP59408	0.782151
SP59416	0.764099
SP59420	0.736063
SP59424	0.546258
SP59432	0.664646
SP59436	0.746401
SP59444	0.601922
SP59464	0.742518
SP116604	0.693574
SP116606	0.559427
SP116608	0.731557
SP116614	0.738161
SP116616	0.561334
SP116622	0.77771
SP116638	0.539598
SP116645	0.76673500000000006
SP116649	0.521773
SP116654	0.677702
SP116672	0.709104
SP116674	0.548311
SP116679	0.636281
SP116683	0.585991
SP116694	0.62738
SP116703	0.651268
SP116706	0.597471
SP116715	0.52496
SP116718	0.788733
SP116720	0.777402
SP116723	0.820619
DFCIDL008-Tumor	0.630403
DFCIDL009-Tumor	0.632349
DLBCL_P01-Tumor	0.636838
DLBCL_P02-Tumor	0.626728
DLBCL_P04-Tumor	0.669073
DLBCL_P07-Tumor	0.656973
DLBCL_P10-Tumor	0.657208
DLBCL-BWH_DLBCL64-Tumor	0.624919
DLBCL-c_D_1103-Tumor	0.659141
DLBCL-c_D_1104-Tumor	0.637765
DLBCL-c_D_1105-Tumor	0.617325
DLBCL-c_D_1106-Tumor	0.587004
DLBCL-c_D_1107-Tumor	0.644022
DLBCL-c_D_1108-Tumor	0.636676
DLBCL-c_D_1109-Tumor	0.513921
DLBCL-c_D_1110-Tumor	0.613297
DLBCL-c_D_1111-Tumor	0.543234
DLBCL-c_D_1112-Tumor	0.631763
DLBCL-c_D_1113-Tumor	0.669119
DLBCL-c_D_1114-Tumor	0.605275
DLBCL-c_D_1115-Tumor	0.56743
DLBCL-c_D_1117-Tumor	0.61507
DLBCL-c_D_1118-Tumor	0.634204
DLBCL-c_D_1120-Tumor	0.596058
DLBCL-c_D_1121-Tumor	0.74945
DLBCL-c_D_1123-Tumor	0.630768
DLBCL-c_D_1124-Tumor	0.579341
DLBCL-c_D_1125-Tumor	0.64764
DLBCL-c_D_1126-Tumor	0.5819
DLBCL-c_D_1127-Tumor	0.617025
DLBCL-c_D_1128-Tumor	0.638248
DLBCL-c_D_1129-Tumor	0.587476
DLBCL-c_D_1130-Tumor	0.621574
DLBCL-c_D_1131-Tumor	0.614061
DLBCL-c_D_1132-Tumor	0.659952
DLBCL-c_D_1133-Tumor	0.608904
DLBCL-c_D_1134-Tumor	0.60341
DLBCL-c_D_1135-Tumor	0.507293
DLBCL-c_D_1136-Tumor	0.614393
DLBCL-c_D_1138-Tumor	0.587481
DLBCL-c_D_1139-Tumor	0.636725
DLBCL-c_D_1140-Tumor	0.665951
DLBCL-c_D_1141-Tumor	0.658952
DLBCL-c_D_1142-Tumor	0.612208
DLBCL-c_D_1144-Tumor	0.596653
DLBCL-c_D_1145-Tumor	0.640949
DLBCL-c_D_1146-Tumor	0.644397
DLBCL-c_D_1147-Tumor	0.612788
DLBCL-c_D_1148-Tumor	0.627642
DLBCL-c_D_1149-Tumor	0.59058600000000006
DLBCL-c_D_1150-Tumor	0.671235
DLBCL-c_D_1151-Tumor	0.614427
DLBCL-c_D_1152-Tumor	0.611755
DLBCL-c_D_1153-Tumor	0.630352
DLBCL-c_D_1154-Tumor	0.684064
DLBCL-c_D_1155-Tumor	0.645906
DLBCL-c_D_1156-Tumor	0.687518
DLBCL-c_D_1157-Tumor	0.713645
DLBCL-c_D_1158-Tumor	0.616593
DLBCL-c_D_1159-Tumor	0.64075
DLBCL-c_D_1162-Tumor	0.6471
DLBCL-c_D_1163-Tumor	0.613319
DLBCL-c_D_1166-Tumor	0.531964
DLBCL-c_D_pair13-Tumor	0.574372
DLBCL-c_D_pair2-Tumor	0.605399
DLBCL-c_D_pair20-Tumor	0.562921
DLBCL-c_D_pair22-Tumor	0.749051
DLBCL-c_D_pair23-Tumor	0.672999
DLBCL-c_D_pair5-Tumor	0.607587
DLBCL-c_D_pair9-Tumor	0.533551
DLBCL-DFCI_DLBCL_Goe05-Tumor	0.594977
DLBCL-DFCI_DLBCL_Goe07-Tumor	0.596313
DLBCL-DFCI_DLBCL_Goe08-Tumor	0.590622
DLBCL-DFCI_DLBCL_Goe16-Tumor	0.600804
DFCI_DLBCL_Goe17-Tumor	0.594954
DLBCL-MC_F064AB-Tumor	0.639468
DLBCL-MC_F089_HCZ-Tumor	0.576109
DLBCL-MC_F089_MLB-Tumor	0.627139
DLBCL-MC_F132_MLM-Tumor	0.602186
DLBCL-MC_F139_AD-Tumor	0.604171
DLBCL-MC_F139_LJF-Tumor	0.642621
DLBCL-MC_F210_GWC-Tumor	0.574742
DLBCL-MC_F218_RAP-Tumor	0.580994
DLBCL-MC_F231_CAO-Tumor	0.594998
DLBCL-MC_F262_WLC-Tumor	0.601305
DLBCL-MC_F300_TBF-Tumor	0.52339
DLBCL-MC_F307_JPS-Tumor	0.604933
DLBCL-MC_F339_JPS2-Tumor	0.621007
DLBCL-MC_F344_CJS-Tumor	0.590204
DLBCL-MC_F349_BJJ-Tumor	0.581515
DLBCL-MC_F358_WDS-Tumor	0.600995
DLBCL-MC_F362_MJB1-Tumor	0.610056
DLBCL-MC_F496DMP-Tumor	0.594115
DLBCL-MC_F500_ECU-Tumor	0.598066
DLBCL-MC_F502_RFK-Tumor	0.526709
DLBCL-MC_F519_ALT-Tumor	0.615031
DLBCL-MC_F606_DMJ-Tumor	0.57712
DLBCL-MC_F648_JKW-Tumor	0.609725
DLBCL-MC_F729_MAN-Tumor	0.610633
DLBCL-MC_F739_AMA3-Tumor	0.548923
DLBCL-MC_F815_BAT-Tumor	0.608028
DLBCL-MC_F886_EJH-Tumor	0.617872
DLBCL-MC_F925_DLR-Tumor	0.630002
DLBCL-MC_F927_JHS-Tumor	0.595902
DLBCL-MC_F959_ERM-Tumor	0.53867
DLBCL-MC_F990_MNA-Tumor	0.614706
DLBCL-RICOVER_1013-Tumor	0.598749
DLBCL-RICOVER_1018-Tumor	0.475506
DLBCL-RICOVER_102-Tumor	0.616868
DLBCL-RICOVER_1032-Tumor	0.540626
DLBCL-RICOVER_1045-Tumor	0.590831
DLBCL-RICOVER_1046-Tumor	0.638959
DLBCL-RICOVER_105-Tumor	0.398891
DLBCL-RICOVER_1060-Tumor	0.595703
DLBCL-RICOVER_1061-Tumor	0.590345
DLBCL-RICOVER_107-Tumor	0.586281
DLBCL-RICOVER_1072-Tumor	0.626952
DLBCL-RICOVER_1081-Tumor	0.651987
DLBCL-RICOVER_1106-Tumor	0.616302
DLBCL-RICOVER_111-Tumor	0.497045
DLBCL-RICOVER_1138-Tumor	0.615573
DLBCL-RICOVER_1144-Tumor	0.695917
DLBCL-RICOVER_1150-Tumor	0.645222
DLBCL-RICOVER_1165-Tumor	0.651371
DLBCL-RICOVER_1169-Tumor	0.630593
DLBCL-RICOVER_1190-Tumor	0.637341
DLBCL-RICOVER_1192-Tumor	0.338977
DLBCL-RICOVER_1199-Tumor	0.589262
DLBCL-RICOVER_120-Tumor	0.579139
DLBCL-RICOVER_1204-Tumor	0.557571
DLBCL-RICOVER_1210-Tumor	0.598396
DLBCL-RICOVER_1219-Tumor	0.592589
DLBCL-RICOVER_1235-Tumor	0.55023
DLBCL-RICOVER_1237-Tumor	0.418823
DLBCL-RICOVER_1247-Tumor	0.567146
DLBCL-RICOVER_1248-Tumor	0.604671
DLBCL-RICOVER_1257-Tumor	0.454889
DLBCL-RICOVER_126-Tumor	0.648652
DLBCL-RICOVER_1263-Tumor	0.318344
DLBCL-RICOVER_1269-Tumor	0.497081
DLBCL-RICOVER_1278-Tumor	0.636439
DLBCL-RICOVER_1283-Tumor	0.609782
DLBCL-RICOVER_1287-Tumor	0.54336
DLBCL-RICOVER_1289-Tumor	0.664327
DLBCL-RICOVER_1293-Tumor	0.618659
DLBCL-RICOVER_1299-Tumor	0.542226
DLBCL-RICOVER_1329-Tumor	0.514492
DLBCL-RICOVER_134-Tumor	0.591312
DLBCL-RICOVER_147-Tumor	0.57243
DLBCL-RICOVER_148-Tumor	0.562107
DLBCL-RICOVER_150-Tumor	0.491902
DLBCL-RICOVER_151-Tumor	0.519967
DLBCL-RICOVER_173-Tumor	0.62254
DLBCL-RICOVER_174-Tumor	0.579005
DLBCL-RICOVER_181-Tumor	0.601067
DLBCL-RICOVER_197-Tumor	0.448526
DLBCL-RICOVER_208-Tumor	0.613884
DLBCL-RICOVER_215-Tumor	0.581582
DLBCL-RICOVER_216-Tumor	0.48287
DLBCL-RICOVER_221-Tumor	0.52318
DLBCL-RICOVER_224-Tumor	0.27805
DLBCL-RICOVER_253-Tumor	0.57361
DLBCL-RICOVER_258-Tumor	0.403159
DLBCL-RICOVER_266-Tumor	0.617835
DLBCL-RICOVER_267-Tumor	0.653331
DLBCL-RICOVER_269-Tumor	0.555016
DLBCL-RICOVER_274-Tumor	0.608082
DLBCL-RICOVER_288-Tumor	0.5717
DLBCL-RICOVER_290-Tumor	0.641844
DLBCL-RICOVER_299-Tumor	0.577629
DLBCL-RICOVER_314-Tumor	0.265245
DLBCL-RICOVER_320-Tumor	0.512834
DLBCL-RICOVER_325-Tumor	0.36508
DLBCL-RICOVER_335-Tumor	0.525631
DLBCL-RICOVER_336-Tumor	0.564575
DLBCL-RICOVER_338-Tumor	0.484313
DLBCL-RICOVER_342-Tumor	0.570704
DLBCL-RICOVER_361-Tumor	0.665677
DLBCL-RICOVER_384-Tumor	0.544325
DLBCL-RICOVER_401-Tumor	0.656496
DLBCL-RICOVER_408-Tumor	0.522784
DLBCL-RICOVER_417-Tumor	0.61314
DLBCL-RICOVER_431-Tumor	0.574039
DLBCL-RICOVER_440-Tumor	0.677016
DLBCL-RICOVER_449-Tumor	0.607449
DLBCL-RICOVER_451-Tumor	0.543127
DLBCL-RICOVER_463-Tumor	0.528463
DLBCL-RICOVER_467-Tumor	0.605707
DLBCL-RICOVER_469-Tumor	0.590417
DLBCL-RICOVER_473-Tumor	0.606299
DLBCL-RICOVER_478-Tumor	0.585748
DLBCL-RICOVER_496-Tumor	0.603593
DLBCL-RICOVER_506-Tumor	0.561943
DLBCL-RICOVER_522-Tumor	0.652966
DLBCL-RICOVER_533-Tumor	0.600006
DLBCL-RICOVER_543-Tumor	0.66417
DLBCL-RICOVER_554-Tumor	0.587608
DLBCL-RICOVER_575-Tumor	0.652414
DLBCL-RICOVER_577-Tumor	0.565328
DLBCL-RICOVER_583-Tumor	0.642348
DLBCL-RICOVER_585-Tumor	0.624043
DLBCL-RICOVER_597-Tumor	0.654784
DLBCL-RICOVER_617-Tumor	0.633617
DLBCL-RICOVER_623-Tumor	0.592052
DLBCL-RICOVER_632-Tumor	0.58571
DLBCL-RICOVER_678-Tumor	0.641716
DLBCL-RICOVER_685-Tumor	0.650615
DLBCL-RICOVER_692-Tumor	0.55409
DLBCL-RICOVER_694-Tumor	0.652399
DLBCL-RICOVER_701-Tumor	0.586395
DLBCL-RICOVER_704-Tumor	0.616302
DLBCL-RICOVER_711-Tumor	0.608238
DLBCL-RICOVER_712-Tumor	0.664025
DLBCL-RICOVER_720-Tumor	0.61338
DLBCL-RICOVER_744-Tumor	0.619858
DLBCL-RICOVER_763-Tumor	0.444495
DLBCL-RICOVER_773-Tumor	0.292073
DLBCL-RICOVER_780-Tumor	0.452633
DLBCL-RICOVER_787-Tumor	0.448173
DLBCL-RICOVER_822-Tumor	0.582806
DLBCL-RICOVER_826-Tumor	0.657446
DLBCL-RICOVER_829-Tumor	0.606596
DLBCL-RICOVER_850-Tumor	0.583973
DLBCL-RICOVER_865-Tumor	0.588744
DLBCL-RICOVER_866-Tumor	0.660924
DLBCL-RICOVER_910-Tumor	0.627697
DLBCL-RICOVER_945-Tumor	0.616729
DLBCL-RICOVER_948-Tumor	0.640271
DLBCL-RICOVER_950-Tumor	0.59013
DLBCL-RICOVER_956-Tumor	0.663699
DLBCL-RICOVER_977-Tumor	0.640846
DLBCL-RICOVER_978-Tumor	0.705042
DLBCL-RICOVER_985-Tumor	0.582702
DLBCL-RICOVER_99-Tumor	0.632666
Reddy_1008T	0.660078
Reddy_1016T	0.449433
Reddy_2043T	0.160137
Reddy_2044T	0.063089
Reddy_2045T	0.131285
Reddy_2046T	0.091789
Reddy_2047T	0.234983
Reddy_2048T	6.53e-4
Reddy_2057T	7.11e-4
Reddy_2060T	0.001281
Reddy_2072T	0.010466
Reddy_2073T	0.3583
Reddy_2074T	0.292233
Reddy_2075T	0.231014
Reddy_2076T	0.315835
Reddy_2077T	0.004162
Reddy_2078T	0.050788
Reddy_2079T	0.224643
Reddy_2080T	0.202537
Reddy_2081T	0.490106
Reddy_2083T	0.008535
Reddy_2084T	0.318514
Reddy_2085T	0.072584
Reddy_2087T	0.208814
Reddy_2088T	0.159572
Reddy_2089T	0.308695
Reddy_2091T	0.451066
Reddy_2092T	0.296072
Reddy_2093T	0.280111
Reddy_2095T	0.337668
Reddy_2097T	0.389527
Reddy_2100T	0.266256
Reddy_2101T	0.109743
Reddy_2102T	0.277765
Reddy_2103T	0.366816
Reddy_2106T	0.504434
Reddy_2107T	0.0033
Reddy_2109T	0.252634
Reddy_2110T	0.353339
Reddy_2111T	0.3403
Reddy_2112T	0.264448
Reddy_2113T	0.204262
Reddy_2114T	0.164683
Reddy_2115T	0.468247
Reddy_2120T	0.300638
Reddy_2121T	0.170889
Reddy_2122T	0.283454
Reddy_2123T	0.442601
Reddy_2124T	0.218223
Reddy_2125T	0.427466
Reddy_2126T	7.01e-4
Reddy_2127T	0.377658
Reddy_2128T	0.606073
Reddy_2130T	0.358648
Reddy_2133T	0.332513
Reddy_2134T	0.001788
Reddy_2135T	0.26181
Reddy_2136T	0.260147
Reddy_2137T	0.399011
Reddy_2138T	0.423989
Reddy_2140T	0.270756
Reddy_2141T	0.43626
Reddy_2142T	0.444754
Reddy_2143T	0.311505
Reddy_2144T	0.381675
Reddy_2145T	0.475821
Reddy_2146T	0.30873
Reddy_2147T	0.268396
Reddy_2148T	0.601443
Reddy_2149T	0.305514
Reddy_2150T	0.334397
Reddy_2151T	0.007282
Reddy_2152T	0.362541
Reddy_2153T	0.393256
Reddy_2154T	0.371888
Reddy_2155T	0.397535
Reddy_2156T	0.361653
Reddy_2157T	0.014892
Reddy_2158T	0.090916
Reddy_2159T	0.474383
Reddy_2160T	0.230447
Reddy_2161T	0.448016
Reddy_2162T	0.005313
Reddy_2163T	0.12629
Reddy_2164T	7.4e-5
Reddy_2165T	0.235949
Reddy_2166T	0.35443
Reddy_2190T	0.269596
Reddy_2191T	0.283585
Reddy_2192T	0.231954
Reddy_2193T	0.260062
Reddy_2194T	0.148766
Reddy_2195T	0.370538
Reddy_2196T	0.599045
Reddy_2198T	0.499322
Reddy_2199T	0.235476
Reddy_2200T	0.158029
Reddy_2201T	6.36e-4
Reddy_2203T	8.07e-4
Reddy_2204T	0.114874
Reddy_2205T	0.420623
Reddy_2206T	0.118884
Reddy_2207T	0.00112
Reddy_2208T	0.442527
Reddy_2209T	0.324955
Reddy_2210T	0.060988
Reddy_2211T	0.132334
Reddy_2212T	0.253532
Reddy_2213T	0.389611
Reddy_2214T	0.640504
Reddy_2215T	0.226341
Reddy_2216T	0.456469
Reddy_2217T	0.5074
Reddy_2219T	0.438791
Reddy_2220T	0.295448
Reddy_2221T	0.241987
Reddy_2222T	0.494011
Reddy_2223T	1.39e-4
Reddy_2224T	0.392806
Reddy_2225T	0.570369
Reddy_2226T	0.317573
Reddy_2227T	0.452561
Reddy_2228T	0.20126
Reddy_2229T	0.390818
Reddy_2230T	0.302789
Reddy_2231T	0.528494
Reddy_2232T	0.573312
Reddy_2233T	0.644928
Reddy_2234T	0.504124
Reddy_2235T	0.164328
Reddy_2236T	0.277347
Reddy_2237T	0.570172
Reddy_2238T	0.403789
Reddy_2239T	0.216303
Reddy_2240T	0.481176
Reddy_2241T	0.075233
Reddy_2242T	0.443177
Reddy_2243T	0.417074
Reddy_2244T	0.241941
Reddy_2246T	0.62723
Reddy_2247T	0.337417
Reddy_2248T	0.223921
Reddy_2249T	0.221261
Reddy_2250T	0.218068
Reddy_2251T	0.016773
Reddy_2252T	3e-6
Reddy_2253T	0.349027
Reddy_2254T	0.301116
Reddy_2255T	0.225272
Reddy_2256T	0.071703
Reddy_2257T	1e-6
Reddy_2259T	0.005966
Reddy_2260T	0.008836
Reddy_2261T	0.037115
Reddy_2262T	0.038884
Reddy_2263T	0.488944
Reddy_2269T	0.094087
Reddy_2270T	0.038198
Reddy_2271T	0.086137
Reddy_2272T	0.066627
Reddy_2273T	0.029924
Reddy_2274T	0.225592
Reddy_2278T	0.3183
Reddy_2279T	0.136222
Reddy_2281T	0.472565
Reddy_2286T	0.299488
Reddy_2290T	0.051226
Reddy_2291T	0.022155
Reddy_2293T	0.168298
Reddy_2297T	0.316584
Reddy_2298T	0.232003
Reddy_2300T	0.304126
Reddy_2302T	0.119342
Reddy_2303T	0.012998
Reddy_2306T	0.176364
Reddy_2307T	0.011638
Reddy_2448T	1.73e-4
Reddy_2449T	1.9e-5
Reddy_2450T	0.139913
Reddy_2451T	0.002914
Reddy_2453T	0.05703
Reddy_2455T	0.010044
Reddy_2459T	0.021833
Reddy_2461T	0.262751
Reddy_2462T	0.142476
Reddy_2463T	0.240956
Reddy_2464T	0.029827
Reddy_2466T	0.006602
Reddy_2467T	0.061046
Reddy_2468T	0.466038
Reddy_2469T	0.379878
Reddy_2470T	0.35521200000000003
Reddy_2471T	0.272306
Reddy_2472T	0.217963
Reddy_2473T	0.369181
Reddy_2474T	0.386653
Reddy_2475T	0.706579
Reddy_2476T	0.270236
Reddy_2477T	0.401992
Reddy_2478T	0.717944
Reddy_2479T	0.427731
Reddy_2480T	0.46324
Reddy_2481T	0.275488
Reddy_2482T	0.345694
Reddy_2483T	0.535966
Reddy_2485T	0.329628
Reddy_2487T	0.371847
Reddy_2488T	0.624226
Reddy_2522T	0.323534
Reddy_2523T	0.344523
Reddy_2524T	0.647586
Reddy_2525T	0.252507
Reddy_2527T	0
Reddy_2528T	0.242602
Reddy_2529T	0.421631
Reddy_2530T	0.409092
Reddy_2532T	3.8e-4
Reddy_2533T	0.608645
Reddy_2534T	0.30792
Reddy_2538T	0.294926
Reddy_2539T	0.359067
Reddy_2540T	0.267536
Reddy_2541T	0.226344
Reddy_2542T	0.177221
Reddy_2543T	0.535571
Reddy_2544T	0.033343
Reddy_2545T	0.271261
Reddy_2547T	0.349423
Reddy_2548T	0.336395
Reddy_2549T	6e-6
Reddy_2550T	0.125121
Reddy_2551T	0.013315
Reddy_2552T	0.447613
Reddy_2553T	0.332857
Reddy_2554T	0.436143
Reddy_2555T	0.433363
Reddy_2556T	0.389365
Reddy_2559T	0.338957
Reddy_2560T	0.305213
Reddy_2561T	0.184797
Reddy_2562T	0.312467
Reddy_2565T	0.239044
Reddy_2566T	0.186091
Reddy_2567T	0.305694
Reddy_2570T	0.356592
Reddy_2571T	0.345021
Reddy_2573T	0.128839
Reddy_2575T	0.25559
Reddy_2576T	0.074791
Reddy_2577T	0.246103
Reddy_2578T	0.280029
Reddy_2580T	0.396643
Reddy_2581T	0.361197
Reddy_2582T	0.018385
Reddy_2585T	0.39076
Reddy_2588T	0.203331
Reddy_2591T	0.226104
Reddy_2593T	0.017329
Reddy_2594T	0.097
Reddy_2596T	0.461033
Reddy_2597T	0.34597
Reddy_2599T	0.511962
Reddy_2600T	0.489451
Reddy_2602T	0.284515
Reddy_2603T	0.236487
Reddy_2604T	0.13931
Reddy_2605T	0.34468
Reddy_2606T	0.227553
Reddy_2608T	0.384353
Reddy_2609T	0.391222
Reddy_2611T	0.480196
Reddy_2612T	0.346629
Reddy_2613T	0.4549
Reddy_2614T	0.425163
Reddy_2616T	0.298328
Reddy_2617T	0.364767
Reddy_2619T	0.329234
Reddy_2620T	0.487283
Reddy_2621T	0.460629
Reddy_2622T	0.288372
Reddy_2624T	0.229543
Reddy_2626T	0.590931
Reddy_2628T	0.499492
Reddy_2629T	0.247007
Reddy_2630T	0.18573
Reddy_2632T	0.014866
Reddy_2634T	0.110165
Reddy_2635T	0.001341
Reddy_2636T	0.420323
Reddy_2637T	0.175374
Reddy_2639T	0.1664
Reddy_2640T	0.339893
Reddy_2642T	0.302384
Reddy_2643T	0.190038
Reddy_2644T	0.372877
Reddy_2646T	0.390939
Reddy_2647T	0.374141
Reddy_2649T	0.345399
Reddy_2650T	0.144979
Reddy_2651T	0.392508
Reddy_2652T	0.207659
Reddy_2654T	0.527482
Reddy_2655T	0.354668
Reddy_2656T	0.347818
Reddy_2657T	0.291154
Reddy_2658T	0.045339
Reddy_2659T	0.300316
Reddy_2660T	0.325925
Reddy_2662T	0.197586
Reddy_2663T	0.2779
Reddy_2664T	0.387559
Reddy_2666T	0.386762
Reddy_2667T	0.369074
Reddy_2669T	0.454736
Reddy_2671T	0.315586
Reddy_2673T	0.321135
Reddy_2675T	0.412816
Reddy_2676T	0.316499
Reddy_2677T	0.537106
Reddy_2678T	0.343148
Reddy_2680T	0.381517
Reddy_2681T	0.382773
Reddy_2684T	0.052002
Reddy_2685T	0.361158
Reddy_2687T	0.319207
Reddy_2688T	0.357988
Reddy_2689T	0.31387
Reddy_2690T	0.044157
Reddy_2691T	0.279734
Reddy_2692T	0.322249
Reddy_2696T	0.489715
Reddy_2697T	0.03732
Reddy_2698T	0.363075
Reddy_2699T	0.44685
Reddy_2700T	0.33921
Reddy_2704T	0.471492
Reddy_2705T	0.475847
Reddy_2706T	0.370539
Reddy_2707T	0.290173
Reddy_2709T	0.493868
Reddy_2713T	0.25152
Reddy_2714T	0.083315
Reddy_2715T	0.38505
Reddy_2716T	0.418441
Reddy_2718T	0.069069
Reddy_2719T	0.442559
Reddy_2720T	0.115265
Reddy_2725T	0.403995
Reddy_2727T	0.475948
Reddy_2728T	0.517239
Reddy_2758T	0.327189
Reddy_2761T	0.333018
Reddy_2762T	0.312822
Reddy_2763T	0.266412
Reddy_2764T	0.361482
Reddy_2765T	0.489328
Reddy_2766T	0.005836
Reddy_2767T	0.358057
Reddy_2768T	0.365407
Reddy_2769T	0.503304
Reddy_2770T	0.421132
Reddy_2771T	0.368233
Reddy_2772T	0.210462
Reddy_2773T	0.394362
Reddy_2775T	0.404495
Reddy_2776T	0.019644
Reddy_2777T	0.32526
Reddy_2778T	0.432991
Reddy_2779T	0.364084
Reddy_2781T	0.334192
Reddy_2783T	0.407675
Reddy_2784T	0.313645
Reddy_2785T	0.421427
Reddy_2786T	0.338178
Reddy_2788T	0.205993
Reddy_2789T	0.546542
Reddy_2790T	0.427433
Reddy_2791T	0.367599
Reddy_2792T	0.503503
Reddy_2793T	0.35113
Reddy_2794T	0.185769
Reddy_2805T	0.135529
Reddy_2806T	0.049522
Reddy_2808T	0.529112
Reddy_2809T	0.404769
Reddy_2810T	0.538852
Reddy_2812T	0.620659
Reddy_2813T	0.447088
Reddy_2814T	0.035808
Reddy_2815T	0.515993
Reddy_2816T	0.567183
Reddy_2818T	0.33524
Reddy_2819T	0.471437
Reddy_2820T	0.534884
Reddy_2821T	0.42389
Reddy_2823T	0.588749
Reddy_2824T	0.099856
Reddy_2826T	0.001748
Reddy_2827T	0.63554600000000006
Reddy_2828T	0.106571
Reddy_2829T	0.158363
Reddy_2830T	0.631819
Reddy_2831T	0.371335
Reddy_2832T	0.744508
Reddy_2833T	0.012606
Reddy_2834T	0.49577
Reddy_2836T	0.620314
Reddy_2837T	0.437504
Reddy_2838T	0.560012
Reddy_2839T	0.491198
Reddy_2840T	0.397699
Reddy_2841T	0.533992
Reddy_2843T	0.578099
Reddy_2844T	0.570117
Reddy_2865T	0.240463
Reddy_2867T	0.341726
Reddy_2871T	0.29225
Reddy_2872T	0.409503
Reddy_2873T	0.039439
Reddy_2874T	0.167052
Reddy_2877T	0.356372
Reddy_2878T	0.392388
Reddy_2879T	0.463622
Reddy_2881T	0.507574
Reddy_2882T	0.311675
Reddy_2884T	0.267907
Reddy_2886T	0.103736
Reddy_2887T	0.382726
Reddy_2888T	0.145548
Reddy_2889T	0.453082
Reddy_2891T	0.297088
Reddy_2892T	6.47e-4
Reddy_2893T	0
Reddy_2894T	0.244062
Reddy_2895T	0.376311
Reddy_2897T	0.184368
Reddy_2898T	0.146762
Reddy_2899T	0.216054
Reddy_2900T	0.194644
Reddy_2901T	0.324199
Reddy_2902T	0.315924
Reddy_2903T	0.323268
Reddy_2904T	0.328756
Reddy_2905T	0.427739
Reddy_2908T	0.28633
Reddy_2909T	0.371056
Reddy_2910T	0.409532
Reddy_2912T	0.003582
Reddy_2915T	0.010993
Reddy_2917T	0.236791
Reddy_2918T	0.014322
Reddy_2919T	0.158593
Reddy_2921T	0.089917
Reddy_2922T	0.012089
Reddy_2923T	0.115443
Reddy_2925T	2.6e-4
Reddy_2928T	0.023302
Reddy_2931T	0.014207
Reddy_2933T	0.356854
Reddy_2934T	0.084545
Reddy_2935T	0.314024
Reddy_2936T	0.195999
Reddy_2939T	0.061693
Reddy_2940T	5e-6
Reddy_2941T	6.1e-5
Reddy_2944T	0.032728
Reddy_2945T	0.073282
Reddy_2946T	0.001873
Reddy_2947T	0.078181
Reddy_2948T	0.321396
Reddy_2949T	0.129281
Reddy_2950T	0.376769
Reddy_2951T	0.010036
Reddy_2952T	0.166296
Reddy_2953T	0.0881
Reddy_2954T	0.370398
Reddy_2955T	0.484007
Reddy_2956T	0.164866
Reddy_2957T	0.097168
Reddy_2958T	0
Reddy_2995T	0.076543
Reddy_2996T	0.261815
Reddy_2998T	0.029716
Reddy_2999T	0.088008
Reddy_3382T	0.468193
Reddy_3384T	0.345007
Reddy_3385T	0.243585
Reddy_3386T	0.111274
Reddy_3387T	0.359227
Reddy_3388T	0.266593
Reddy_3389T	0.426686
Reddy_3390T	0.241807
Reddy_3394T	0.002015
Reddy_3396T	7e-6
Reddy_3397T	4e-6
Reddy_3398T	0.004165
Reddy_3399T	1.99e-4
Reddy_3400T	7e-6
Reddy_3401T	0.011977
Reddy_3403T	0.030162
Reddy_3404T	0.026074
Reddy_3405T	0.07524
Reddy_3406T	1.33e-4
Reddy_3407T	0.237612
Reddy_3408T	0.071716
Reddy_3409T	0.244932
Reddy_3411T	0.066211
Reddy_3412T	0.001364
Reddy_3413T	3.28e-4
Reddy_3417T	0.142817
Reddy_3418T	0.150285
Reddy_3419T	0.054206
Reddy_3422T	0.265454
Reddy_3423T	9.46e-4
Reddy_3424T	9.2e-5
Reddy_3428T	0
Reddy_3429T	0.259637
Reddy_3430T	0.012747
Reddy_3431T	0.245983
Reddy_3432T	0.073653
Reddy_3433T	0.328874
Reddy_3434T	0.003396
Reddy_3435T	0.012866
Reddy_3438T	0.268478
Reddy_3439T	0.24512
Reddy_3440T	0.25814
Reddy_3441T	0.068051
Reddy_3444T	0.160868
Reddy_3446T	0.038161
Reddy_3447T	0.1018
Reddy_3448T	0.387551
Reddy_3449T	0.300902
Reddy_3450T	0.360642
Reddy_3451T	0.211018
Reddy_3452T	0
Reddy_3453T	0.007042
Reddy_3454T	0.107921
Reddy_3455T	0.338415
Reddy_3456T	0.25554
Reddy_3457T	0.133908
Reddy_3458T	0.066923
Reddy_3459T	0.421818
Reddy_3460T	0.489443
Reddy_3461T	0.160347
Reddy_3462T	0.05383
Reddy_3463T	0.041931
Reddy_3464T	0.439725
Reddy_3465T	0.093834
Reddy_3467T	0.240665
Reddy_3468T	0.047473
Reddy_3470T	0.515023
Reddy_3471T	0.091743
Reddy_3472T	0.561189
Reddy_3473T	0.015516
Reddy_3474T	0.393746
Reddy_3475T	0.135274
Reddy_3476T	0.256828
Reddy_3477T	0
Reddy_3478T	0.162798
Reddy_3479T	0.272447
Reddy_3480T	0.438876
Reddy_3481T	0.385158
Reddy_3482T	0.187563
Reddy_3483T	0.051108
Reddy_3484T	0.20916
Reddy_3485T	0.001908
Reddy_3486T	0.005946
Reddy_3487T	0.298625
Reddy_3488T	0.011677
Reddy_3489T	0.001263
Reddy_3490T	0.005133
Reddy_3493T	0.003153
Reddy_3495T	0.002201
Reddy_3496T	0.02017
Reddy_3497T	1.47e-4
Reddy_3498T	0.055522
Reddy_3500T	0.057676
Reddy_3502T	0.235862
Reddy_3503T	0.008281
Reddy_3504T	0.395998
Reddy_3505T	0.225606
Reddy_3506T	0.251953
Reddy_3507T	0.303918
Reddy_3508T	0.28261
Reddy_3510T	4.59e-4
Reddy_3511T	0.06777
Reddy_3512T	0.047284
Reddy_3513T	0.007801
Reddy_3514T	0.13925
Reddy_3515T	0.712369
Reddy_3517T	0.009848
Reddy_3519T	0.213781
Reddy_3520T	0.07232
Reddy_3521T	0.030231
Reddy_3522T	0.425644
Reddy_3523T	0.322996
Reddy_3525T	0.07151
Reddy_3527T	0.001636
Reddy_3528T	0.157922
Reddy_3529T	0.013218
Reddy_3531T	0.134378
Reddy_3532T	0.267678
Reddy_3535T	0.478438
Reddy_3536T	0.085034
Reddy_3537T	0.075507
Reddy_3538T	0.579912
Reddy_3539T	0.025559
Reddy_3540T	0.06408
Reddy_3542T	0.099115
Reddy_3545T	0.068338
Reddy_3546T	9.98e-4
Reddy_3547T	0.004453
Reddy_3548T	0.325626
Reddy_3549T	0.057564
Reddy_3551T	0.196457
Reddy_3552T	0.405139
Reddy_3553T	3e-6
Reddy_3555T	0.338896
Reddy_3556T	0.379533
Reddy_3557T	0.171896
Reddy_3558T	0.067245
Reddy_3559T	0.126575
Reddy_3560T	0.390252
Reddy_3561T	0.369136
Reddy_3562T	0.266925
Reddy_3563T	0.339257
Reddy_3565T	0.476871
Reddy_3566T	0.298025
Reddy_3579T	4.5e-5
Reddy_3580T	6e-5
Reddy_3582T	0.031868
Reddy_3584T	4e-5
Reddy_3585T	0.097711
Reddy_3586T	0.045248
Reddy_3587T	0.077666
Reddy_3589T	0.009345
Reddy_3590T	0.104769
Reddy_3591T	4.44e-4
Reddy_3592T	0.053246
Reddy_3593T	0.039318
Reddy_3594T	0.02574
Reddy_3595T	0.053176
Reddy_3596T	0.022628
Reddy_3597T	0.0086130000000000009
Reddy_3598T	5.7e-5
Reddy_3600T	0.109837
Reddy_3601T	0.084986
Reddy_3602T	0.031711
Reddy_3603T	0.12654
Reddy_3604T	0.06015
Reddy_3605T	4.6e-4
Reddy_3606T	0.044201
Reddy_3607T	0.106159
Reddy_3608T	0.11847
Reddy_3609T	0.149214
Reddy_3610T	0.007437
Reddy_3611T	0.011456
Reddy_3612T	0.001431
Reddy_3613T	0.002607
Reddy_3614T	0.00234
Reddy_3615T	0.056181
Reddy_3616T	0.172484
Reddy_3617T	0.054943
Reddy_3618T	0.150996
Reddy_3620T	0.19033
Reddy_3622T	0.041226
Reddy_3623T	0.10483
Reddy_3624T	0.156742
Reddy_3625T	0.015228
Reddy_3627T	0.025794
Reddy_3628T	0.173854
Reddy_3629T	0.075065
Reddy_3630T	0.004272
Reddy_3631T	0.143209
Reddy_3632T	0.234516
Reddy_3634T	0.039556
Reddy_3635T	0.002285
Reddy_3636T	0.283204
Reddy_3637T	0.220794
Reddy_3638T	0.076214
Reddy_3639T	0.196891
Reddy_3640T	0.089586
Reddy_3642T	0.026189
Reddy_3643T	0.044531
Reddy_3644T	0.276669
Reddy_3645T	0.230719
Reddy_3646T	0.21364
Reddy_3647T	0.03568
Reddy_3648T	0.010826
Reddy_3649T	0.198548
Reddy_3651T	0.335469
Reddy_3652T	0.050518
Reddy_3653T	0.040248
Reddy_3654T	0.096342
Reddy_3655T	0.20732
Reddy_3656T	0.078863
Reddy_3657T	2.6e-5
Reddy_3659T	0.246692
Reddy_3660T	0.084784
Reddy_3661T	0.070026
Reddy_3662T	0.10303
Reddy_3663T	0.172489
Reddy_3664T	0.373582
Reddy_3665T	0.213873
Reddy_3666T	0.15082
Reddy_3667T	0.308278
Reddy_3668T	0.123142
Reddy_3669T	0.281589
Reddy_3671T	0.042896
Reddy_3672T	0.290382
Reddy_3673T	0.188725
Reddy_3674T	0.16521
Reddy_3675T	0.069335
Reddy_3677T	0.240725
Reddy_3679T	0.143644
Reddy_3680T	0.184361
Reddy_3681T	5.9e-5
Reddy_3682T	0.020744
Reddy_3683T	2.7e-5
Reddy_3684T	0.405859
Reddy_3685T	0.311173
Reddy_3686T	0.288177
Reddy_3687T	0.084787
Reddy_3688T	0.156888
Reddy_3689T	0.160797
Reddy_3691T	0.331968
Reddy_3692T	0.064863
Reddy_3693T	0.003657
Reddy_3694T	0.211843
Reddy_3696T	0.356456
Reddy_3697T	0.236302
Reddy_3698T	0.18947
Reddy_3699T	0.367356
Reddy_3700T	0.162735
Reddy_3701T	0.248438
Reddy_3703T	0.312429
Reddy_3704T	0.242538
Reddy_3705T	0.247507
Reddy_3706T	0.484043
Reddy_3707T	0.386403
Reddy_3708T	0.262608
Reddy_3709T	0.269607
Reddy_3711T	0.366401
Reddy_3712T	0.353198
Reddy_3713T	0.237508
Reddy_3715T	0.250428
Reddy_3716T	0.524324
Reddy_3717T	0.397366
Reddy_3718T	0.266159
Reddy_3719T	0.319105
Reddy_3721T	0.263933
Reddy_3722T	0.427893
Reddy_3724T	0.194545
Reddy_3725T	0.169402
Reddy_3726T	0.252412
Reddy_3727T	0.548193
Reddy_3728T	0.014535
Reddy_3729T	0.369326
Reddy_3730T	0.242184
Reddy_3731T	0.254013
Reddy_3732T	0.234011
Reddy_3733T	0.456787
Reddy_3734T	0.217459
Reddy_3735T	0
Reddy_3736T	0.249974
Reddy_3737T	0.652308
Reddy_3739T	0.387349
Reddy_3740T	0.118831
Reddy_3741T	0.404077
Reddy_3742T	8e-6
Reddy_3743T	0.010933
Reddy_3744T	0.609319
Reddy_3745T	0.243654
Reddy_3746T	0.829378
Reddy_3747T	0.276423
Reddy_3748T	0.202838
Reddy_3749T	0.290899
Reddy_3750T	0.297156
Reddy_3751T	0.313967
Reddy_3753T	0.404087
Reddy_3754T	0.026859
Reddy_3755T	0.017473
Reddy_3756T	0.129286
Reddy_3757T	0.19814
Reddy_3758T	0.407958
Reddy_3759T	0.397616
Reddy_3760T	0.291367
Reddy_3761T	0.073769
Reddy_3762T	0.269966
Reddy_3763T	0.087192
Reddy_3764T	0.136526
Reddy_3765T	0.435037
Reddy_3766T	0.106401
Reddy_3767T	0.279004
Reddy_3770T	0.144661
Reddy_3771T	0.240547
Reddy_3775T	0.194856
Reddy_3776T	0.040578
Reddy_3777T	0.045141
Reddy_3778T	0.103113
Reddy_3779T	0.08181
Reddy_3780T	0.168148
Reddy_3781T	0.084183
Reddy_3782T	0.323897
Reddy_3783T	0.276689
Reddy_3784T	0.551381
Reddy_3785T	0.66648
Reddy_3786T	0.166241
Reddy_3787T	0.535491
Reddy_3810T	5.64e-4
Reddy_3811T	0.324802
Reddy_3812T	0.4604
Reddy_3814T	0.194786
Reddy_3815T	0.347246
Reddy_3816T	0.047453
Reddy_3817T	0.076905
Reddy_3819T	0.103889
Reddy_3820T	0.046974
Reddy_3821T	0.204778
Reddy_3822T	0.022882
Reddy_3823T	0.499841
Reddy_3824T	0.231331
Reddy_3825T	0.596035
Reddy_3826T	0.117721
Reddy_3827T	0.273676
Reddy_3828T	0.255738
Reddy_3829T	0.351974
Reddy_3830T	0.078115
Reddy_3831T	0.507206
Reddy_3832T	0.716354
Reddy_3833T	0.035621
Reddy_3834T	0.043389
Reddy_3835T	0.51656
Reddy_3836T	0.473959
Reddy_3837T	0.169971
Reddy_3838T	0.570827
Reddy_3839T	0.620163
Reddy_3840T	0.482764
Reddy_3842T	0.548938
Reddy_3843T	0.162407
Reddy_3845T	0.271913
Reddy_3846T	0.080778
Reddy_3847T	0.215581
Reddy_3848T	0.3413
Reddy_3849T	0.144424
Reddy_3851T	0.588066
Reddy_3852T	0.188264
Reddy_3854T	0.064852
Reddy_3856T	0.627586
Reddy_3857T	0.610188
Reddy_3859T	0.217739
Reddy_3861T	0.367247
Reddy_3865T	0.426666
Reddy_3867T	0.194811
Reddy_3871T	0.046706
Reddy_3872T	0.287766
Reddy_3873T	0.638773
Reddy_3875T	0.209135
Reddy_3876T	0.736665
Reddy_3879T	0.365337
Reddy_3880T	0.342545
Reddy_3881T	0.215618
Reddy_3882T	0.529569
Reddy_3883T	0.268962
Reddy_3885T	0.526685
Reddy_3886T	0.226264
Reddy_3887T	0.250284
Reddy_3888T	0.449459
Reddy_3889T	0.254444
Reddy_3891T	0.332803
Reddy_3892T	0.219325
Reddy_3893T	0.118936
Reddy_3894T	0.286687
Reddy_3895T	0.235483
Reddy_3896T	0.261993
Reddy_3898T	0.276915
Reddy_3899T	0.288614
Reddy_3900T	0.317901
Reddy_3901T	0.206571
Reddy_3902T	0.315017
Reddy_3903T	0.066803
Reddy_3904T	0.103732
Reddy_3905T	0.324308
Reddy_3906T	0.003031
Reddy_3907T	0.002719
Reddy_3908T	0.036331
Reddy_3909T	8.32e-4
Reddy_3910T	0.198957
Reddy_3911T	0.014629
Reddy_3912T	0.095041
Reddy_3913T	0.003168
Reddy_3914T	0.170536
Reddy_3915T	0.059461
Reddy_3916T	0.046262
Reddy_3917T	0.062001
Reddy_3918T	0.083308
Reddy_3919T	0.014948
Reddy_3920T	0.038196
Reddy_3921T	0.004027
Reddy_3922T	0.260672
Reddy_3923T	0.209881
Reddy_3924T	0.153292
Reddy_3925T	0.367894
Reddy_3926T	0.296618
Reddy_3927T	0.259693
Reddy_3928T	0.254061
Reddy_3929T	0.050934
Reddy_3930T	0.092903
Reddy_3931T	0.09095
Reddy_3932T	0.140725
Reddy_3933T	0.414678
Reddy_3934T	2.6e-4
Reddy_3935T	0.136186
Reddy_3936T	0.178167
Reddy_3937T	0.151594
Reddy_3938T	0.368015
Reddy_3939T	0.527918
Reddy_3940T	0.118751
Reddy_3941T	0.115368
Reddy_3942T	1.91e-4
Reddy_3943T	0.038728
Reddy_3944T	0.00998
Reddy_3945T	0.04213
Reddy_3946T	0.283731
Reddy_3948T	0.080551
Reddy_3949T	0.036284
Reddy_3950T	0.009556
Reddy_3951T	0.02101
Reddy_3952T	0.042808
Reddy_3953T	0.021776
Reddy_3954T	0.001663
Reddy_3955T	3.2e-5
Reddy_3956T	0.017192
Reddy_3957T	0.028304
Reddy_3958T	0.006711
Reddy_3959T	0.022552
Reddy_3960T	0.14223
Reddy_3961T	3.5e-5
Reddy_3962T	6.6e-5
Reddy_3963T	0.109699
Reddy_3964T	0.0573
Reddy_3965T	0.178103
Reddy_3966T	0.02481
Reddy_3967T	0.184256
Reddy_3968T	0.193784
Reddy_3969T	8.74e-4
Reddy_3971T	0.309546
Reddy_3972T	0.201564
Reddy_3973T	0.063892
Reddy_3974T	0.1918
Reddy_3975T	0.255671
Reddy_3976T	0.020393
Reddy_3977T	0.005523
Reddy_3978T	0.010013
Reddy_3979T	0.14006
Reddy_3980T	0.01972
Reddy_3981T	0.012103
Reddy_3982T	0.033775
Reddy_3983T	0.221471
Reddy_3984T	0.013645
Reddy_3985T	9.33e-4
Reddy_3986T	0.087673
Reddy_3987T	0.12999
Reddy_3988T	0.001874
Reddy_3989T	0.049513
Reddy_3990T	0.110851
Reddy_3991T	0.031821
Reddy_3992T	0.064304
Reddy_3993T	0.130992
Reddy_3994T	0.010563
Reddy_3995T	0.002963
Reddy_3996T	0.156449
Reddy_3997T	0.026078
Reddy_3998T	0.084806
Reddy_3999T	0.013506
Reddy_4000T	0.021572
Reddy_648T	0.547075
Reddy_658T	0.157123
Reddy_683T	0.067237
Reddy_684T	0.683418
Reddy_689T	0.159602
Reddy_690T	0.02606
Reddy_695T	0.226683
Reddy_702T	0.008402
Reddy_704T	0.247452
Reddy_705T	0.317682
Reddy_707T	0.038607
Reddy_759T	0.031677
Reddy_787T	0.023938
Reddy_790T	0.254596
Reddy_793T	0.358558
Reddy_799T	0.20651
Reddy_800T	0.421035
Reddy_813T	0.485718
Reddy_816T	0.373468
Reddy_823T	0.721416
Reddy_829T	0.436412
Reddy_830T	0.079604
Reddy_831T	0.627982
DLBCL10450T	0.969962
DLBCL10451T	0.967079
DLBCL10452T	0.934523
DLBCL10453T	0.953831
DLBCL10454T	0.964199
DLBCL10455T	0.931996
DLBCL10456T	0.962061
DLBCL10457T	0.912423
DLBCL10458T	0.910924
DLBCL10459T	0.972592
DLBCL10460T	0.951504
DLBCL10461T	0.932255
DLBCL10462T	0.912275
DLBCL10463T	0.946454
DLBCL10464T	0.968779
DLBCL10465T	0.958894
DLBCL10466T	0.940653
DLBCL10467T	0.947894
DLBCL10469T	0.973937
DLBCL10470T	0.962043
DLBCL10471T	0.864402
DLBCL10472T	0.970547
DLBCL10473T	0.949532
DLBCL10474T	0.906387
DLBCL10475T	0.922345
DLBCL10476T	0.961199
DLBCL10477T	0.845602
DLBCL10478T	0.963644
DLBCL10479T	0.912967
DLBCL10480T	0.925828
DLBCL10481T	0.970119
DLBCL10482T	0.936847
DLBCL10483T	0.914214
DLBCL10484T	0.963538
DLBCL10485T	0.876784
DLBCL10486T	0.927845
DLBCL10487T	0.924666
DLBCL10488T	0.926056
DLBCL10489T	0.910839
DLBCL10490T	0.937548
DLBCL10491T	0.962023
DLBCL10492T	0.950411
DLBCL10493T	0.968842
DLBCL10494T	0.964885
DLBCL10495T	0.903058
DLBCL10497T	0.966046
DLBCL10498T	0.948056
DLBCL10499T	0.921779
DLBCL10500T	0.93587
DLBCL10501T	0.960184
DLBCL10502T	0.971585
DLBCL10503T	0.942041
DLBCL10504T	0.923203
DLBCL10505T	0.970814
DLBCL10506T	0.937333
DLBCL10507T	0.918813
DLBCL10508T	0.914794
DLBCL10509T	0.868431
DLBCL10510T	0.960774
DLBCL10512T	0.961884
DLBCL10513T	0.970752
DLBCL10514T	0.96963
DLBCL10515T	0.917366
DLBCL10516T	0.938023
DLBCL10517T	0.935728
DLBCL10518T	0.896141
DLBCL10519T	0.945676
DLBCL10520T	0.948698
DLBCL10521T	0.92998
DLBCL10522T	0.967222
DLBCL10523T	0.951143
DLBCL10524T	0.947076
DLBCL10527T	0.966576
DLBCL10528T	0.966388
DLBCL10529T	0.863278
DLBCL10530T	0.936586
DLBCL10531T	0.882603
DLBCL10532T	0.925202
DLBCL10533T	0.930678
DLBCL10534T	0.830324
DLBCL10535T	0.945306
DLBCL10536T	0.95947
DLBCL10537T	0.964915
DLBCL10538T	0.963057
DLBCL10539T	0.940208
DLBCL10540T	0.956014
DLBCL10541T	0.958723
DLBCL10542T	0.93433600000000006
DLBCL10543T	0.963699
DLBCL10544T	0.964671
DLBCL10545T	0.973474
DLBCL10546T	0.943627
DLBCL10547T	0.971952
DLBCL10548T	0.969507
DLBCL10549T	0.899815
DLBCL10550T	0.899532
DLBCL10552T	0.97169
DLBCL10553T	0.960389
DLBCL10554T	0.922867
DLBCL10555T	0.981152
DLBCL10564T	0.959319
DLBCL10565T	0.944271
DLBCL10566T	0.866728
DLBCL10780T	0.950185
DLBCL10781T	0.934853
DLBCL10782T	0.963777
DLBCL10833T	0.93745
DLBCL10834T	0.927024
DLBCL10835T	0.922089
DLBCL10836T	0.930415
DLBCL10837T	0.909771
DLBCL10838T	0.937104
DLBCL10839T	0.942222
DLBCL10842T	0.939298
DLBCL10843T	0.944015
DLBCL10844T	0.941979
DLBCL10845T	0.903805
DLBCL10846T	0.931649
DLBCL10847T	0.913467
DLBCL10848T	0.899149
DLBCL10849T	0.902864
DLBCL10850T	0.940256
DLBCL10851T	0.931696
DLBCL10852T	0.939488
DLBCL10853T	0.926626
DLBCL10854T	0.948355
DLBCL10855T	0.932289
DLBCL10856T	0.937482
DLBCL10857T	0.922341
DLBCL10858T	0.92368
DLBCL10859T	0.941289
DLBCL10860T	0.928668
DLBCL10861T	0.949626
DLBCL10862T	0.875567
DLBCL10863T	0.889872
DLBCL10864T	0.908239
DLBCL10865T	0.93774
DLBCL10866T	0.919209
DLBCL10867T	0.953987
DLBCL10868T	0.946861
DLBCL10869T	0.906418
DLBCL10870T	0.914357
DLBCL10871T	0.900889
DLBCL10872T	0.88959
DLBCL10873T	0.941161
DLBCL10874T	0.930104
DLBCL10875T	0.944557
DLBCL10876T	0.91364
DLBCL10877T	0.920685
DLBCL10878T	0.945383
DLBCL10879T	0.902298
DLBCL10880T	0.936108
DLBCL10881T	0.926439
DLBCL10883T	0.953137
DLBCL10884T	0.931067
DLBCL10885T	0.948071
DLBCL10887T	0.947313
DLBCL10888T	0.885806
DLBCL10889T	0.967736
DLBCL10890T	0.944673
DLBCL10891T	0.874603
DLBCL10892T	0.880035
DLBCL10893T	0.968653
DLBCL10894T	0.905044
DLBCL10895T	0.942638
DLBCL10896T	0.943825
DLBCL10897T	0.936523
DLBCL10898T	0.934737
DLBCL10899T	0.935473
DLBCL10900T	0.93928
DLBCL10901T	0.926546
DLBCL10902T	0.941538
DLBCL10903T	0.930502
DLBCL10904T	0.936136
DLBCL10905T	0.899555
DLBCL10906T	0.922381
DLBCL10907T	0.928021
DLBCL10908T	0.941736
DLBCL10909T	0.950962
DLBCL10910T	0.9251
DLBCL10911T	0.954664
DLBCL10912T	0.967146
DLBCL10913T	0.937358
DLBCL10914T	0.937241
DLBCL10915T	0.94581
DLBCL10916T	0.927088
DLBCL10917T	0.951805
DLBCL10918T	0.929199
DLBCL10919T	0.91795
DLBCL10920T	0.945994
DLBCL10921T	0.954848
DLBCL10922T	0.887319
DLBCL10923T	0.888117
DLBCL10924T	0.914157
DLBCL10925T	0.930127
DLBCL10926T	0.889423
DLBCL10927T	0.958361
DLBCL10928T	0.96044
DLBCL10929T	0.928687
DLBCL10930T	0.952393
DLBCL10931T	0.948969
DLBCL10932T	0.952392
DLBCL10933T	0.978986
DLBCL10934T	0.957778
DLBCL10935T	0.966251
DLBCL10936T	0.897567
DLBCL10937T	0.950645
DLBCL10938T	0.929651
DLBCL10939T	0.948312
DLBCL10940T	0.938409
DLBCL10941T	0.923757
DLBCL10942T	0.929184
DLBCL10943T	0.971419
DLBCL10945T	0.969221
DLBCL10946T	0.953536
DLBCL10947T	0.927406
DLBCL10948T	0.954829
DLBCL10949T	0.911407
DLBCL10950T	0.938912
DLBCL10951T	0.928193
DLBCL10952T	0.93557
DLBCL10953T	0.953108
DLBCL10954T	0.965949
DLBCL10955T	0.972361
DLBCL10956T	0.918973
DLBCL10957T	0.936822
DLBCL10958T	0.93547
DLBCL10959T	0.963386
DLBCL10960T	0.906808
DLBCL10961T	0.94786
DLBCL10962T	0.872174
DLBCL10963T	0.928812
DLBCL10964T	0.933134
DLBCL10965T	0.945643
DLBCL10966T	0.929693
DLBCL10967T	0.935168
DLBCL10968T	0.931323
DLBCL10969T	0.925152
DLBCL10970T	0.928072
DLBCL10971T	0.936374
DLBCL10972T	0.938499
DLBCL10973T	0.913733
DLBCL10974T	0.934174
DLBCL10975T	0.924986
DLBCL10977T	0.919137
DLBCL10978T	0.926839
DLBCL10979T	0.939818
DLBCL10980T	0.92242
DLBCL10981T	0.919622
DLBCL10982T	0.93638
DLBCL10983T	0.924747
DLBCL10984T	0.896848
DLBCL10985T	0.923136
DLBCL10986T	0.935425
DLBCL10987T	0.939335
DLBCL10988T	0.928238
DLBCL10989T	0.911803
DLBCL10990T	0.899711
DLBCL10991T	0.941938
DLBCL10992T	0.934753
DLBCL10993T	0.937613
DLBCL10994T	0.940123
DLBCL10995T	0.931952
DLBCL10996T	0.932627
DLBCL10997T	0.915057
DLBCL10998T	0.939806
DLBCL10999T	0.933845
DLBCL11000T	0.93905
DLBCL11001T	0.951068
DLBCL11002T	0.878935
DLBCL11003T	0.943609
DLBCL11004T	0.94514
DLBCL11005T	0.949802
DLBCL11180T	0.967215
DLBCL11181T	0.879593
DLBCL11182T	0.891401
DLBCL11187T	0.910024
DLBCL11188T	0.945628
DLBCL11191T	0.725797
DLBCL11193T	0.93598
DLBCL11194T	0.872499
DLBCL11195T	0.881556
DLBCL11196T	0.894294
DLBCL11202T	0.926533
DLBCL11203T	0.896421
DLBCL11204T	0.924028
DLBCL11205T	0.945338
DLBCL11206T	0.927179
DLBCL11208T	0.911228
DLBCL11242T	0.955778
DLBCL11255T	0.93051
DLBCL11256T	0.929475
DLBCL11257T	0.907989
DLBCL11258T	0.882864
DLBCL11259T	0.927031
DLBCL11260T	0.955989
DLBCL11261T	0.946058
DLBCL11262T	0.943627
DLBCL11271T	0.915032
DLBCL11346T	0.847977
DLBCL11353T	0.919983
DLBCL11428T	0.960546
DLBCL11429T	0.914441
DLBCL11430T	0.942053
DLBCL11431T	0.943185
DLBCL11432T	0.909956
DLBCL11433T	0.851962
DLBCL11434T	0.969596
DLBCL11435T	0.972818
DLBCL11436T	0.905937
DLBCL11437T	0.743364
DLBCL11438T	0.832776
DLBCL11439T	0.936885
DLBCL11440T	0.939497
DLBCL11441T	0.92143
DLBCL11443T	0.869409
DLBCL11444T	0.948684
DLBCL11445T	0.972657
DLBCL11446T	0.961537
DLBCL11447T	0.943565
DLBCL11448T	0.92011
DLBCL11449T	0.884935
DLBCL11450T	0.906506
DLBCL11451T	0.870183
DLBCL11452T	0.958742
DLBCL11453T	0.948972
DLBCL11454T	0.953533
DLBCL11455T	0.940302
DLBCL11456T	0.93575
DLBCL11457T	0.958319
DLBCL11458T	0.951859
DLBCL11459T	0.952003
DLBCL11460T	0.919489
DLBCL11461T	0.872591
DLBCL11462T	0.899846
DLBCL11463T	0.893402
DLBCL11464T	0.942035
DLBCL11466T	0.914406
DLBCL11467T	0.890109
DLBCL11468T	0.938635
DLBCL11469T	0.877976
DLBCL11470T	0.962662
DLBCL11471T	0.947628
DLBCL11472T	0.911306
DLBCL11473T	0.859748
DLBCL11474T	0.831567
DLBCL11475T	0.9727
DLBCL11476T	0.861379
DLBCL11477T	0.912733
DLBCL11478T	0.798613
DLBCL11479T	0.917767
DLBCL11480T	0.878629
DLBCL11481T	0.825036
DLBCL11482T	0.858041
DLBCL11483T	0.957485
DLBCL11484T	0.866452
DLBCL11485T	0.868943
DLBCL11486T	0.852173
DLBCL11488T	0.941055
DLBCL11489T	0.927901
DLBCL11490T	0.93603
DLBCL11491T	0.939481
DLBCL11492T	0.909531
DLBCL11493T	0.910661
DLBCL11494T	0.903335
DLBCL11495T	0.944542
DLBCL11496T	0.904093
DLBCL11497T	0.924795
DLBCL11498T	0.941226
DLBCL11499T	0.94697
DLBCL11500T	0.958392
DLBCL11501T	0.957277
DLBCL11503T	0.947598
DLBCL11504T	0.970831
DLBCL11506T	0.918088
DLBCL11507T	0.929391
DLBCL11508T	0.969466
DLBCL11509T	0.923645
DLBCL11510T	0.968262
DLBCL11511T	0.895721
DLBCL11512T	0.914932
DLBCL11513T	0.924508
DLBCL11514T	0.949915
DLBCL11515T	0.901369
DLBCL11516T	0.894023
DLBCL11518T	0.903917
DLBCL11519T	0.955096
DLBCL11520T	0.859147
DLBCL11523T	0.949038
DLBCL11525T	0.963488
DLBCL11526T	0.966323
DLBCL11527T	0.968757
DLBCL11528T	0.967597
DLBCL11530T	0.961021
DLBCL11531T	0.806531
DLBCL11532T	0.95547
DLBCL11533T	0.966426
DLBCL11534T	0.956553
DLBCL11535T	0.957663
DLBCL11536T	0.94185700000000006
DLBCL11537T	0.963257
DLBCL11538T	0.971616
DLBCL11539T	0.964581
DLBCL11540T	0.975562
DLBCL11541T	0.966848
DLBCL11542T	0.942209
DLBCL11558T	0.980793
DLBCL11559T	0.971105
DLBCL11560T	0.965979
DLBCL11562T	0.958792
DLBCL11563T	0.949741
DLBCL11564T	0.758219
DLBCL11565T	0.944556
DLBCL11566T	0.969192
DLBCL11567T	0.97283
DLBCL11568T	0.96451
DLBCL11569T	0.962598
DLBCL11570T	0.977193
DLBCL11571T	0.957947
DLBCL11572T	0.953216
DLBCL11573T	0.974412
DLBCL11574T	0.942361
DLBCL11575T	0.949418
DLBCL11576T	0.958599
DLBCL11577T	0.953331
DLBCL11578T	0.943409
DLBCL11579T	0.938471
DLBCL11581T	0.97054
DLBCL11584T	0.953576
DLBCL11585T	0.96405
DLBCL11586T	0.96399
DLBCL11587T	0.899524
DLBCL11589T	0.971455
DLBCL11590T	0.94702
DLBCL11591T	0.896097
DLBCL11595T	0.921855
DLBCL11596T	0.952506
DLBCL11646T	0.910031
DLBCL11648T	0.936063
DLBCL11649T	0.947343
DLBCL11651T	0.945058
DLBCL11652T	0.959918
DLBCL11655T	0.964742
DLBCL11656T	0.956389
DLBCL11657T	0.957414
DLBCL11658T	0.943826
DLBCL11659T	0.875644
DLBCL11660T	0.966338
DLBCL11661T	0.833786
DLBCL11662T	0.94433
DLBCL11663T	0.935505
DLBCL11664T	0.936254
DLBCL11665T	0.960142
DLBCL11666T	0.95449
DLBCL11667T	0.967063
DLBCL11669T	0.964059
DLBCL11670T	0.957948
DLBCL11671T	0.951179
DLBCL11672T	0.956894
DLBCL11673T	0.962614
DLBCL11675T	0.952886
DLBCL11676T	0.962918
DLBCL11677T	0.95454
DLBCL11678T	0.969901
DLBCL11679T	0.961857
DLBCL11680T	0.962465
DLBCL11681T	0.965652
DLBCL11683T	0.958833
DLBCL11684T	0.956642
DLBCL11685T	0.955829
Panea_1059T	0.002256
Panea_1060T	0.065134
Panea_1061T	0.827455
Panea_1063T	0.514625
Panea_1064T	0.823982
Panea_1065T	0.21076
Panea_1066T	0.436594
Panea_1090T	1.26e-4
Panea_1094T	0.002497
Panea_1096T	2e-5
Panea_1097T	8e-6
Panea_1101T	0.483024
Panea_1102T	6.37e-4
Panea_1104T	0.93495
Panea_1106T	0.004285
Panea_1107T	0.004811
Panea_11835T	0.733914
Panea_11841T	0.484521
Panea_11842T	0.665777
Panea_11843T	0.799172
Panea_12132T	0.699168
Panea_1275T	1.29e-4
Panea_1276T	0.308181
Panea_1280T	0.002148
Panea_1282T	0.015516
Panea_1283T	0.013534
Panea_1284T	0.05844
Panea_1285T	0.005933
Panea_1288T	3.4e-5
Panea_1289T	0.122792
Panea_1291T	1.8e-5
Panea_1293T	4.02e-4
Panea_1294T	0.059303
Panea_1295T	3.81e-4
Panea_1296T	0.001932
Panea_1297T	0.002373
Panea_19094T	0.411021
Panea_19095T	0.44028
Panea_19096T	0.458519
Panea_19097T	0.677055
Panea_2963T	0.939628
Panea_2964T	0.95945
Panea_2965T	0.875871
Panea_2966T	0.966536
Panea_2967T	0.840108
Panea_2968T	0.828588
Panea_2969T	0.955983
Panea_2970T	0.708482
Panea_2971T	0.82967
Panea_2972T	0.975343
Panea_2973T	0.955031
Panea_2974T	0.943766
Panea_2975T	0.865909
Panea_2976T	0.928396
Panea_2977T	0.958936
Panea_2978T	0.872656
Panea_2979T	0.802482
Panea_2980T	0.864616
Panea_2981T	0.764362
Panea_2982T	0.846115
Panea_2983T	0.893616
Panea_2984T	0.865603
Panea_2985T	0.656201
Panea_2986T	0.926833
Panea_2987T	0.949894
Panea_2988T	0.933662
Panea_2989T	0.88361
Panea_2990T	0.865917
Panea_2991T	0.883301
Panea_2992T	0.769788
Panea_2993T	0.810203
Panea_2994T	0.758137
Panea_4940T	7.63e-4
Panea_4941T	0.03624
Panea_4942T	0.401499
Panea_4943T	0.006214
Panea_4944T	0.452995
Panea_4945T	0.118545
Panea_4946T	0.184713
Panea_4947T	0.384701
Panea_4948T	0.459578
Panea_4949T	0.135577
Panea_6102T	0.444877
Panea_6103T	0.480494
Panea_6106T	0.714923
Panea_6107T	0.48211
Panea_6108T	0.535075
Panea_6109T	0.596161
Panea_6111T	0.003036
Panea_6112T	0.7101
Panea_6113T	0.621742
Panea_6115T	0.818048
Panea_6116T	0.806819
Panea_6117T	0.002424
Panea_6197T	0.733099
Panea_6198T	1.21e-4
Panea_6199T	0.895384
Panea_6207T	0.746695
Panea_6208T	0.148831
Panea_670T	0.917449
Panea_999T	0.902434
BNHL_10T	0.570562
BNHL_11T	0.563033
BNHL_12T	0.640138
BNHL_13T	0.590737
BNHL_14T	0.657685
BNHL_16T	0.602229
BNHL_17T	0.636238
BNHL_18T	0.535841
BNHL_19T	0.588061
BNHL_2T	0.546584
BNHL_20T	0.595159
BNHL_21T	0.70786
BNHL_22T	0.629157
BNHL_23T	0.639135
BNHL_25T	0.673627
BNHL_26T	0.687508
BNHL_27T	0.633085
BNHL_28T	0.566572
BNHL_29T	0.708809
BNHL_3T	0.655347
BNHL_30T	0.656049
BNHL_31T	0.614053
BNHL_33T	0.564109
BNHL_34T	0.577186
BNHL_35T	0.664668
BNHL_36T	0.482384
BNHL_37T	0.669561
BNHL_38T	0.601817
BNHL_39T	0.555981
BNHL_4T	0.574652
BNHL_40T	0.607285
BNHL_41T	0.625849
BNHL_42T	0.604927
BNHL_43T	0.636002
BNHL_44T	0.637309
BNHL_45T	0.65776
BNHL_46T	0.652116
BNHL_47T	0.650635
BNHL_48T	0.704351
BNHL_49T	0.626565
BNHL_5T	0.571681
BNHL_50T	0.519241
BNHL_51T	0.622464
BNHL_52T	0.647281
BNHL_53T	0.639411
BNHL_54T	0.659108
BNHL_55T	0.601715
BNHL_56T	0.609625
BNHL_57T	0.586605
BNHL_58T	0.531214
BNHL_59T	0.634696
BNHL_6T	0.601335
BNHL_60T	0.64747
BNHL_61T	0.641367
BNHL_62T	0.535135
BNHL_63T	0.575968
BNHL_64T	0.371196
BNHL_65T	0.539409
BNHL_66T	0.574535
BNHL_67T	0.625807
BNHL_68T	0.627371
BNHL_7T	0.566683
BNHL_70T	0.547252
BNHL_71T	0.582667
BNHL_72T	0.681887
BNHL_73T	0.557478
BNHL_74T	0.568566
BNHL_75T	0.650959
BNHL_76T	0.56981
BNHL_77T	0.630313
BNHL_78T	0.630774
BNHL_8T	0.568568
BNHL_9T	0.615254
